{
  "start_time": 1704500799.9718373,
  "duration": 34147.13458657265,
  "cpu_time": 34133.588294299996,
  "disk_reads": 1797,
  "disk_writes": 71440,
  "disk_read_MB": 61.092864,
  "disk_write_MB": 1260.064768,
  "disk_read_s": 0.482,
  "disk_write_s": 39.967,
  "pop_df_rows": 62000,
  "pop_df_cols": 448,
  "pop_df_mem_MB": 130.371513,
  "pop_df_times_extended": 12,
  "sha": "c6f6fd13aa0e7577e2bd77535ded424387f1c291",
  "trigger": "schedule",
  "html_output": "profiling_results/2024/01/06/0026/schedule_296_c6f6fd13aa0e7577e2bd77535ded424387f1c291.html"
}