{
  "start_time": 1709339233.358943,
  "duration": 31597.10692167282,
  "cpu_time": 31592.7023756,
  "disk_reads": 2213,
  "disk_writes": 131594,
  "disk_read_MB": 87.441408,
  "disk_write_MB": 1682.292736,
  "disk_read_s": 0.843,
  "disk_write_s": 66.48,
  "pop_df_rows": 62000,
  "pop_df_cols": 444,
  "pop_df_mem_MB": 129.695193,
  "pop_df_times_extended": 12,
  "sha": "3cc2a0c2a79814b69aae421da88581888a956271",
  "trigger": "schedule",
  "html_output": "profiling_results/2024/03/02/0027/schedule_494_3cc2a0c2a79814b69aae421da88581888a956271.html"
}